epoch,time,train/box_loss,train/cls_loss,train/dfl_loss,metrics/precision(B),metrics/recall(B),metrics/mAP50(B),metrics/mAP50-95(B),val/box_loss,val/cls_loss,val/dfl_loss,lr/pg0,lr/pg1,lr/pg2
1,118.716,2.61917,3.86417,2.11844,0.34355,0.02328,0.0039,0.0013,3.06923,18.5228,2.68711,0.000329861,0.000329861,0.0673438
2,223.285,2.70209,3.60993,2.136,0.33797,0.02196,0.00166,0.0004,3.33014,16.0402,2.80664,0.000663122,0.000663122,0.0343437
3,327.417,2.74275,3.7162,2.16489,0.3352,0.00176,0.00027,0.00012,3.24855,inf,2.70274,0.000996095,0.000996095,0.00134332
4,430.239,2.67188,3.6421,2.104,0.34638,0.02145,0.00218,0.00062,3.4544,7.4462,2.86266,0.000999023,0.000999023,0.000999023
5,533.266,2.59597,3.55494,2.07127,0.35866,0.01318,0.00484,0.00175,3.12599,4.03705,2.59586,0.000998264,0.000998264,0.000998264
6,636.772,2.54851,3.46848,2.00569,0.03099,0.04114,0.0069,0.00218,2.90474,3.92707,2.237,0.000997288,0.000997288,0.000997288
7,740.149,2.54001,3.45363,2.0102,0.03459,0.03697,0.01004,0.00364,2.89983,3.84477,2.2829,0.000996097,0.000996097,0.000996097
8,843.257,2.5021,3.39288,1.99749,0.031,0.04033,0.01134,0.00343,2.86888,3.75025,2.19645,0.00099469,0.00099469,0.00099469
9,945.91,2.48887,3.36216,1.95711,0.05964,0.04744,0.01478,0.00526,2.81239,3.64812,2.20366,0.000993068,0.000993068,0.000993068
10,1049.06,2.45515,3.26238,1.93411,0.06831,0.04501,0.01102,0.00395,2.84926,3.37209,2.1503,0.000991232,0.000991232,0.000991232
11,1151.64,2.43447,3.28483,1.93516,0.08715,0.05797,0.01583,0.00521,2.74496,3.32146,2.14372,0.000989183,0.000989183,0.000989183
12,1254.51,2.39216,3.20497,1.93254,0.04321,0.02284,0.012,0.00407,2.83908,3.3224,2.22479,0.000986922,0.000986922,0.000986922
13,1357.1,2.41083,3.21914,1.92277,0.03757,0.04472,0.01276,0.00416,2.75919,3.24683,2.15274,0.000984449,0.000984449,0.000984449
14,1459.79,2.35147,3.18256,1.89681,0.06978,0.04846,0.02082,0.00715,2.77393,3.07246,2.14083,0.000981765,0.000981765,0.000981765
15,1562.67,2.40385,3.17519,1.89584,0.03379,0.04348,0.01921,0.00661,2.75339,3.02789,2.1053,0.000978873,0.000978873,0.000978873
16,1665.57,2.34644,3.14097,1.86718,0.0715,0.09274,0.02468,0.008,2.7023,3.13868,2.07258,0.000975773,0.000975773,0.000975773
17,1768.87,2.36757,3.11406,1.88126,0.04461,0.07545,0.0198,0.0076,2.70066,3.25243,2.07637,0.000972466,0.000972466,0.000972466
18,1872.04,2.30572,3.05176,1.85545,0.11057,0.08967,0.03294,0.00993,2.66282,2.96769,2.07505,0.000968955,0.000968955,0.000968955
19,1975.31,2.29407,3.0145,1.85296,0.09874,0.08402,0.03201,0.01069,2.70975,2.97545,2.11235,0.000965239,0.000965239,0.000965239
20,2078.33,2.31826,3.02125,1.85867,0.06866,0.05651,0.03,0.01022,2.72355,3.0071,2.17649,0.000961322,0.000961322,0.000961322
21,2181.24,2.27345,2.99132,1.82992,0.11196,0.06927,0.03846,0.01366,2.60968,3.14392,2.06743,0.000957205,0.000957205,0.000957205
22,2285.7,2.25887,3.00077,1.83899,0.1215,0.06602,0.0399,0.01224,2.67201,2.96599,2.09977,0.000952889,0.000952889,0.000952889
23,2389.38,2.27572,2.98274,1.84029,0.14946,0.08468,0.05762,0.01722,2.67025,2.86725,2.12041,0.000948377,0.000948377,0.000948377
24,2493.56,2.23351,2.88662,1.80635,0.21235,0.07619,0.05973,0.02114,2.68216,2.94645,2.07317,0.000943671,0.000943671,0.000943671
25,2597.5,2.25576,2.89616,1.80638,0.19584,0.10193,0.049,0.01484,2.72421,2.92027,2.181,0.000938772,0.000938772,0.000938772
26,2701.33,2.2139,2.87347,1.81261,0.1559,0.13685,0.06879,0.02276,2.63677,2.82495,2.05265,0.000933683,0.000933683,0.000933683
27,2805.2,2.19386,2.82514,1.7892,0.10981,0.12587,0.04824,0.01481,2.63891,2.96011,2.06648,0.000928405,0.000928405,0.000928405
28,2908.15,2.19697,2.80695,1.78422,0.18238,0.13246,0.06724,0.02093,2.653,2.79597,2.0931,0.000922942,0.000922942,0.000922942
29,3011.55,2.18705,2.72601,1.79225,0.12518,0.08412,0.04295,0.01655,2.63154,2.94399,2.09042,0.000917296,0.000917296,0.000917296
30,3115.28,2.20069,2.79359,1.78282,0.33741,0.12566,0.11268,0.03208,2.60427,2.86095,2.05473,0.000911469,0.000911469,0.000911469
31,3219.51,2.1837,2.74323,1.75964,0.18342,0.12303,0.08845,0.03321,2.63365,2.78314,2.06506,0.000905463,0.000905463,0.000905463
32,3323.7,2.17612,2.71557,1.76444,0.14404,0.12757,0.06887,0.02648,2.59394,2.87281,1.99945,0.000899282,0.000899282,0.000899282
33,3428.25,2.16722,2.68367,1.7608,0.19835,0.14269,0.09198,0.03407,2.61269,2.81107,2.07159,0.000892928,0.000892928,0.000892928
34,3532.99,2.14365,2.6477,1.73851,0.20037,0.12749,0.09253,0.03466,2.6308,2.8681,2.06368,0.000886404,0.000886404,0.000886404
35,3637.73,2.09576,2.61149,1.72652,0.17851,0.14375,0.10244,0.03971,2.58367,2.70274,1.99332,0.000879713,0.000879713,0.000879713
36,3742.05,2.12838,2.62542,1.73548,0.16087,0.13137,0.09674,0.03918,2.58323,2.74674,2.01338,0.000872857,0.000872857,0.000872857
37,3845.42,2.09611,2.53872,1.70579,0.13147,0.13109,0.08656,0.03913,2.59415,2.79303,2.02835,0.000865839,0.000865839,0.000865839
38,3949.61,2.1123,2.58779,1.71762,0.28784,0.1258,0.11515,0.04956,2.61783,2.72015,2.05716,0.000858664,0.000858664,0.000858664
39,4053.95,2.09959,2.5339,1.71017,0.15273,0.15487,0.10278,0.03896,2.58141,2.70425,1.99899,0.000851333,0.000851333,0.000851333
40,4158.05,2.09162,2.50428,1.68824,0.19276,0.15353,0.10455,0.04622,2.59605,2.73093,2.05296,0.000843851,0.000843851,0.000843851
41,4261.72,2.05541,2.44394,1.68519,0.2084,0.16672,0.10634,0.04217,2.5775,2.6691,2.03,0.00083622,0.00083622,0.00083622
42,4366.04,2.06684,2.45394,1.69174,0.1788,0.14119,0.09648,0.03884,2.54154,2.64975,1.98442,0.000828443,0.000828443,0.000828443
43,4470.92,2.00989,2.41502,1.66572,0.24452,0.15077,0.10215,0.03494,2.61358,2.65564,2.01612,0.000820525,0.000820525,0.000820525
44,4574.94,2.03887,2.37291,1.66787,0.18659,0.15971,0.1184,0.05362,2.54277,2.61412,2.01951,0.000812468,0.000812468,0.000812468
45,4679.92,2.03059,2.36826,1.6714,0.25373,0.15526,0.11107,0.04747,2.6176,2.67532,2.03618,0.000804277,0.000804277,0.000804277
46,4784.66,2.02103,2.3791,1.66236,0.34295,0.14103,0.12608,0.04656,2.53451,2.52912,2.01677,0.000795954,0.000795954,0.000795954
47,4889.12,2.01924,2.35372,1.63928,0.23109,0.20295,0.12659,0.05123,2.53867,2.54066,1.98974,0.000787503,0.000787503,0.000787503
48,4993.53,1.97268,2.30135,1.62436,0.26814,0.20209,0.13664,0.04888,2.58547,2.56215,2.05191,0.000778929,0.000778929,0.000778929
49,5097.64,1.97438,2.27939,1.64196,0.30256,0.18337,0.16876,0.06504,2.5252,2.51307,2.00708,0.000770234,0.000770234,0.000770234
50,5202.54,1.97357,2.26778,1.63797,0.25222,0.16818,0.13351,0.05796,2.54067,2.52195,2.00402,0.000761423,0.000761423,0.000761423
51,5306.87,1.96019,2.2034,1.60643,0.26791,0.16499,0.1328,0.05155,2.568,2.54662,2.03235,0.0007525,0.0007525,0.0007525
52,5411.43,1.9231,2.17961,1.59084,0.34532,0.2105,0.17945,0.06885,2.54687,2.46835,2.01153,0.000743468,0.000743468,0.000743468
53,5516.19,1.95335,2.21303,1.61326,0.48424,0.14015,0.15163,0.05881,2.50503,2.49532,1.95217,0.000734332,0.000734332,0.000734332
54,5620.62,1.95426,2.16319,1.60665,0.33706,0.21247,0.17658,0.0687,2.54037,2.48348,2.00567,0.000725094,0.000725094,0.000725094
55,5725.76,1.93493,2.12284,1.60666,0.35797,0.20121,0.17066,0.06987,2.50018,2.41758,2.01334,0.000715761,0.000715761,0.000715761
56,5830.35,1.90123,2.10039,1.58428,0.27738,0.19594,0.16261,0.0617,2.51236,2.44076,1.96707,0.000706335,0.000706335,0.000706335
57,5935.28,1.85997,2.05011,1.56166,0.36713,0.2039,0.1971,0.07563,2.5144,2.44872,1.96417,0.00069682,0.00069682,0.00069682
58,6040.3,1.86584,2.05437,1.54078,0.39266,0.2228,0.20947,0.08546,2.49653,2.37228,1.95789,0.000687222,0.000687222,0.000687222
59,6145.27,1.86264,1.96371,1.55094,0.30271,0.21942,0.17863,0.07666,2.54882,2.46251,1.99521,0.000677543,0.000677543,0.000677543
60,6250.2,1.83278,1.96421,1.52991,0.31503,0.2489,0.18597,0.07482,2.46018,2.35367,1.97017,0.000667789,0.000667789,0.000667789
61,6355.08,1.83124,1.95173,1.53188,0.45182,0.17684,0.19181,0.07554,2.50136,2.38916,1.96621,0.000657963,0.000657963,0.000657963
62,6458.85,1.77723,1.93897,1.5073,0.39211,0.22339,0.21473,0.08496,2.49415,2.31322,2.00238,0.000648071,0.000648071,0.000648071
63,6562.45,1.84679,1.94932,1.53552,0.39689,0.22566,0.21306,0.0776,2.47134,2.33117,1.95583,0.000638115,0.000638115,0.000638115
64,6667.01,1.79748,1.88627,1.50621,0.28444,0.26027,0.19366,0.08212,2.46718,2.30842,1.9726,0.000628101,0.000628101,0.000628101
65,6771.77,1.79979,1.87168,1.51402,0.39775,0.23533,0.19834,0.07759,2.45316,2.29665,1.95336,0.000618034,0.000618034,0.000618034
66,6876.2,1.77002,1.86188,1.48435,0.32268,0.21345,0.18143,0.07283,2.47871,2.35657,1.94074,0.000607916,0.000607916,0.000607916
67,6979.6,1.77419,1.81092,1.49857,0.36748,0.23583,0.23739,0.09433,2.4762,2.27649,1.93615,0.000597754,0.000597754,0.000597754
68,7083.85,1.74093,1.81114,1.47625,0.37464,0.23347,0.22168,0.09799,2.43509,2.27951,1.94825,0.000587551,0.000587551,0.000587551
69,7187.81,1.72636,1.78814,1.46404,0.3172,0.25215,0.22117,0.09489,2.46238,2.23959,1.95867,0.000577311,0.000577311,0.000577311
70,7291.34,1.72982,1.73423,1.45785,0.35532,0.26088,0.21985,0.08354,2.4452,2.23572,1.94446,0.00056704,0.00056704,0.00056704
71,7394.46,1.72886,1.74903,1.46211,0.29132,0.24712,0.19824,0.09113,2.44091,2.2347,1.94322,0.000556742,0.000556742,0.000556742
72,7498.45,1.71651,1.73074,1.45164,0.33838,0.28648,0.24298,0.09745,2.42182,2.19735,1.89322,0.000546421,0.000546421,0.000546421
73,7602.68,1.72464,1.713,1.43005,0.33838,0.30478,0.23218,0.10297,2.3989,2.20344,1.89661,0.000536081,0.000536081,0.000536081
74,7706.8,1.69078,1.66926,1.43504,0.41699,0.29593,0.24702,0.10681,2.39765,2.18159,1.88805,0.000525728,0.000525728,0.000525728
75,7810.72,1.68405,1.65707,1.42453,0.42665,0.27279,0.24609,0.09984,2.40512,2.14939,1.89664,0.000515366,0.000515366,0.000515366
76,7914.79,1.65894,1.61865,1.40896,0.3285,0.31188,0.23491,0.10163,2.42067,2.17099,1.90819,0.000505,0.000505,0.000505
77,8018.51,1.6658,1.6292,1.42079,0.34311,0.30355,0.24634,0.11087,2.39812,2.12715,1.90429,0.000494634,0.000494634,0.000494634
78,8122.3,1.63248,1.58776,1.41353,0.34142,0.32879,0.26652,0.11301,2.39277,2.13019,1.88636,0.000484272,0.000484272,0.000484272
79,8225.89,1.63596,1.59917,1.40686,0.39773,0.26272,0.26197,0.11413,2.37993,2.12439,1.9021,0.000473919,0.000473919,0.000473919
80,8329.91,1.61425,1.55272,1.39677,0.33314,0.27129,0.24657,0.10744,2.39765,2.12189,1.90202,0.000463579,0.000463579,0.000463579
81,8433.91,1.60239,1.5128,1.37604,0.4057,0.31467,0.27279,0.11112,2.39266,2.12078,1.89455,0.000453258,0.000453258,0.000453258
82,8537.58,1.59901,1.52243,1.38486,0.42874,0.33478,0.28664,0.11847,2.36888,2.09404,1.88793,0.00044296,0.00044296,0.00044296
83,8641.45,1.61484,1.52448,1.38895,0.44246,0.29828,0.27788,0.11528,2.38202,2.07189,1.90067,0.000432689,0.000432689,0.000432689
84,8745.14,1.5774,1.49596,1.37119,0.46827,0.27693,0.28122,0.12866,2.37037,2.05909,1.87126,0.000422449,0.000422449,0.000422449
85,8849.37,1.59947,1.51422,1.37183,0.44313,0.31424,0.25222,0.1107,2.36456,2.06644,1.88701,0.000412246,0.000412246,0.000412246
86,8953.46,1.59722,1.50136,1.37874,0.41328,0.31811,0.2745,0.12368,2.34875,2.07165,1.87361,0.000402084,0.000402084,0.000402084
87,9057.32,1.5623,1.46299,1.36258,0.54579,0.26344,0.28695,0.12906,2.36353,2.10767,1.87046,0.000391966,0.000391966,0.000391966
88,9161.67,1.55997,1.43518,1.34528,0.57422,0.27031,0.29789,0.13451,2.34198,2.06453,1.84667,0.000381899,0.000381899,0.000381899
89,9266.23,1.58044,1.45975,1.36128,0.55704,0.3031,0.30928,0.14142,2.3284,2.04296,1.84789,0.000371885,0.000371885,0.000371885
90,9370.66,1.55775,1.42109,1.34321,0.50886,0.34782,0.31153,0.13289,2.34986,2.06171,1.85996,0.000361929,0.000361929,0.000361929
91,9474.97,1.53164,1.41132,1.33319,0.4807,0.3471,0.31839,0.14053,2.35178,2.05351,1.85007,0.000352037,0.000352037,0.000352037
92,9579.53,1.49497,1.37353,1.32543,0.44404,0.31335,0.28371,0.13201,2.35322,2.06331,1.85289,0.000342211,0.000342211,0.000342211
93,9683.31,1.48678,1.37052,1.30027,0.51885,0.30376,0.32353,0.14362,2.33666,2.03816,1.84025,0.000332457,0.000332457,0.000332457
94,9787.28,1.50434,1.36835,1.32257,0.48528,0.31061,0.32295,0.15183,2.31865,2.01308,1.83648,0.000322778,0.000322778,0.000322778
95,9891.41,1.48403,1.35709,1.31627,0.49412,0.32704,0.32271,0.15299,2.3182,2.01425,1.83833,0.00031318,0.00031318,0.00031318
96,9995.41,1.51874,1.36596,1.31979,0.5101,0.32017,0.31452,0.14859,2.31043,1.97999,1.83981,0.000303665,0.000303665,0.000303665
97,10099.4,1.49167,1.33377,1.31909,0.54033,0.34549,0.31987,0.14875,2.30083,1.98602,1.81358,0.000294239,0.000294239,0.000294239
98,10203.6,1.46221,1.32835,1.3023,0.53765,0.34239,0.33201,0.1573,2.29151,1.95744,1.81768,0.000284906,0.000284906,0.000284906
99,10307.3,1.44333,1.30369,1.29541,0.51477,0.35356,0.33779,0.15502,2.29236,1.95263,1.81647,0.000275668,0.000275668,0.000275668
100,10410.9,1.45395,1.29985,1.29665,0.49653,0.3348,0.34351,0.15753,2.27656,1.95787,1.8077,0.000266532,0.000266532,0.000266532
101,10514.9,1.46566,1.28449,1.29221,0.53393,0.33465,0.35278,0.15311,2.30713,1.97537,1.82265,0.0002575,0.0002575,0.0002575
102,10618.2,1.47298,1.29384,1.28971,0.58546,0.30764,0.32552,0.15366,2.29599,1.95239,1.8142,0.000248577,0.000248577,0.000248577
103,10721.7,1.45148,1.29373,1.29741,0.54982,0.30428,0.32755,0.15345,2.29534,1.93989,1.81132,0.000239766,0.000239766,0.000239766
104,10824.9,1.42478,1.24817,1.26836,0.49965,0.33222,0.33349,0.15193,2.29374,1.94173,1.81153,0.000231071,0.000231071,0.000231071
105,10928.8,1.41554,1.24684,1.26709,0.57505,0.3337,0.3544,0.15503,2.28058,1.92843,1.79354,0.000222497,0.000222497,0.000222497
106,11032.9,1.4249,1.24557,1.27665,0.54941,0.33245,0.3447,0.15323,2.27634,1.92033,1.79047,0.000214046,0.000214046,0.000214046
107,11136.2,1.4081,1.22786,1.2615,0.60987,0.32521,0.34569,0.14974,2.28011,1.92111,1.8017,0.000205723,0.000205723,0.000205723
108,11240.3,1.3974,1.21344,1.26254,0.56029,0.34489,0.36324,0.15177,2.29091,1.9337,1.81064,0.000197532,0.000197532,0.000197532
109,11344.1,1.38652,1.21011,1.25402,0.66101,0.32894,0.37283,0.1582,2.28404,1.91775,1.81086,0.000189475,0.000189475,0.000189475
110,11447.9,1.36416,1.18558,1.23551,0.54569,0.35089,0.36459,0.15267,2.2839,1.91979,1.81376,0.000181557,0.000181557,0.000181557
111,11550.6,1.37816,1.18483,1.2375,0.5275,0.35373,0.36542,0.15421,2.28481,1.93741,1.81067,0.00017378,0.00017378,0.00017378
112,11654.4,1.39282,1.17936,1.23851,0.59213,0.33253,0.363,0.15157,2.2751,1.92593,1.80317,0.000166149,0.000166149,0.000166149
113,11757.9,1.36091,1.16004,1.23842,0.6704,0.32886,0.37105,0.15506,2.27253,1.92091,1.80345,0.000158667,0.000158667,0.000158667
114,11861.5,1.38732,1.19388,1.24346,0.61882,0.33078,0.35992,0.15525,2.26585,1.91712,1.79634,0.000151336,0.000151336,0.000151336
115,11964.8,1.38035,1.1765,1.2442,0.63811,0.32569,0.3611,0.15783,2.26747,1.90962,1.80069,0.000144161,0.000144161,0.000144161
116,12069.3,1.37952,1.16232,1.23598,0.68036,0.33634,0.37404,0.16206,2.27138,1.91453,1.80282,0.000137143,0.000137143,0.000137143
117,12173.3,1.33469,1.1169,1.21382,0.61598,0.34657,0.37108,0.16326,2.26986,1.9104,1.80093,0.000130287,0.000130287,0.000130287
118,12277.4,1.33901,1.14215,1.21885,0.56848,0.37656,0.37895,0.1655,2.26865,1.91784,1.8007,0.000123596,0.000123596,0.000123596
119,12382.1,1.33362,1.118,1.21981,0.55726,0.3819,0.38047,0.17152,2.27068,1.91933,1.8045,0.000117072,0.000117072,0.000117072
120,12486.5,1.33757,1.12647,1.21233,0.59744,0.37329,0.38436,0.1701,2.27258,1.91885,1.80659,0.000110718,0.000110718,0.000110718
121,12590.7,1.32608,1.11883,1.21159,0.629,0.37682,0.39182,0.1703,2.27201,1.91448,1.80579,0.000104537,0.000104537,0.000104537
122,12694.8,1.31482,1.12094,1.22316,0.62406,0.38441,0.39052,0.17003,2.27285,1.91074,1.80935,9.85311e-05,9.85311e-05,9.85311e-05
123,12799.1,1.32478,1.10737,1.21051,0.59792,0.38485,0.38351,0.16844,2.27804,1.90743,1.81253,9.2704e-05,9.2704e-05,9.2704e-05
124,12902.7,1.33539,1.12246,1.21672,0.60982,0.38185,0.38336,0.16719,2.27728,1.90113,1.81415,8.70577e-05,8.70577e-05,8.70577e-05
125,13006.3,1.28808,1.07263,1.19813,0.61567,0.38273,0.37962,0.16557,2.2776,1.90322,1.81534,8.15947e-05,8.15947e-05,8.15947e-05
126,13109.7,1.3179,1.08662,1.20316,0.60937,0.38873,0.38254,0.17024,2.27901,1.90564,1.81362,7.63174e-05,7.63174e-05,7.63174e-05
127,13213,1.30875,1.11493,1.20338,0.60854,0.39239,0.38504,0.16871,2.27579,1.89814,1.81122,7.12282e-05,7.12282e-05,7.12282e-05
128,13316.5,1.30302,1.09548,1.20093,0.61321,0.37681,0.38629,0.1748,2.27452,1.89457,1.81146,6.63292e-05,6.63292e-05,6.63292e-05
129,13419.9,1.31035,1.09283,1.19588,0.61796,0.3751,0.38421,0.17148,2.2744,1.89325,1.81116,6.16227e-05,6.16227e-05,6.16227e-05
130,13523.5,1.26862,1.04732,1.18681,0.61027,0.37575,0.38265,0.17344,2.27407,1.89318,1.81013,5.71106e-05,5.71106e-05,5.71106e-05
131,13628.5,1.33242,1.07885,1.2389,0.58383,0.3618,0.37394,0.1727,2.27814,1.9015,1.81179,5.2795e-05,5.2795e-05,5.2795e-05
132,13732,1.2838,1.02751,1.22112,0.65723,0.33765,0.37271,0.1727,2.27382,1.89818,1.81166,4.86777e-05,4.86777e-05,4.86777e-05
133,13835.1,1.28755,1.01824,1.21823,0.55995,0.37157,0.37409,0.17224,2.27174,1.89195,1.81552,4.47606e-05,4.47606e-05,4.47606e-05
134,13938.3,1.26724,0.99847,1.2035,0.55398,0.37051,0.37442,0.17237,2.274,1.88798,1.82231,4.10454e-05,4.10454e-05,4.10454e-05
135,14041.7,1.24325,0.99538,1.19995,0.56095,0.36998,0.37331,0.17089,2.27206,1.88396,1.82348,3.75337e-05,3.75337e-05,3.75337e-05
136,14145,1.24607,0.99977,1.19119,0.6621,0.3416,0.37274,0.16964,2.27609,1.88638,1.82884,3.4227e-05,3.4227e-05,3.4227e-05
137,14248.2,1.24635,0.9825,1.2013,0.66939,0.33772,0.37172,0.17135,2.27591,1.88167,1.82932,3.11268e-05,3.11268e-05,3.11268e-05
138,14351.5,1.24489,0.99756,1.20681,0.66315,0.33733,0.3742,0.17011,2.27767,1.87688,1.8317,2.82345e-05,2.82345e-05,2.82345e-05
139,14455,1.23624,0.98255,1.1888,0.66336,0.34411,0.37764,0.16994,2.27882,1.88045,1.83355,2.55513e-05,2.55513e-05,2.55513e-05
140,14558.5,1.21363,0.96306,1.18841,0.67262,0.35529,0.39104,0.17281,2.27654,1.87714,1.83316,2.30784e-05,2.30784e-05,2.30784e-05
141,14661.6,1.23425,0.98699,1.19356,0.67385,0.34965,0.38797,0.17356,2.27818,1.87719,1.83488,2.08169e-05,2.08169e-05,2.08169e-05
142,14764.8,1.23919,0.98657,1.20002,0.68336,0.34796,0.38924,0.17513,2.27833,1.87516,1.83615,1.87678e-05,1.87678e-05,1.87678e-05
143,14868.3,1.21166,0.96593,1.18747,0.7088,0.34752,0.38885,0.17532,2.27764,1.87438,1.83655,1.6932e-05,1.6932e-05,1.6932e-05
144,14971.8,1.22965,0.97789,1.18331,0.5452,0.39316,0.38973,0.17525,2.27818,1.87199,1.83669,1.53102e-05,1.53102e-05,1.53102e-05
145,15074.8,1.22913,0.9675,1.18403,0.55861,0.39013,0.38988,0.17418,2.27736,1.87289,1.83609,1.39032e-05,1.39032e-05,1.39032e-05
146,15177.6,1.23259,0.98742,1.1935,0.56331,0.39013,0.3906,0.17361,2.27799,1.87137,1.83657,1.27117e-05,1.27117e-05,1.27117e-05
147,15281,1.23972,1.00184,1.19368,0.57639,0.39314,0.39578,0.17468,2.27598,1.8718,1.83607,1.1736e-05,1.1736e-05,1.1736e-05
148,15384.6,1.23198,0.97853,1.18951,0.58707,0.40241,0.39495,0.17343,2.27821,1.86982,1.83812,1.09768e-05,1.09768e-05,1.09768e-05
149,15488.4,1.23936,0.98395,1.19354,0.58692,0.40422,0.39553,0.17317,2.27837,1.86951,1.83879,1.04342e-05,1.04342e-05,1.04342e-05
150,15591.8,1.25257,0.98421,1.19049,0.58083,0.39956,0.39493,0.17371,2.27925,1.86637,1.83963,1.01086e-05,1.01086e-05,1.01086e-05
